title,author_s,year_published,year_published_with_complex,short_date_range,long_date_range,end_date,end_date_r,Year_Banned,year_unbanned,type,notes,country,nation_or_state,state,clustered_type,further_clustered_type,extra_cluster
The Epic of Shivaji: A Translation and Study of Kavindra Paramananda's Sivabharata,James Laine,2006,2006,1996-2020,1951_to_date,2006,2007,,,Unspecified,The book was banned for allegedly containing derogatory references on grounds that it could cause a law and order problem.[52],India,statewide,Maharashtra,Unspecified,Unspecified,Other
The Da Vinci Code,Dan Brown,2006,2006,1996-2020,1951_to_date,2006,2007,,,Unspecified,The book was banned by the government for allegedly containing blasphemous remarks about Jesus.[53],India,statewide,Nagaland,Unspecified,Unspecified,Other
The Adivasi Will Not Dance,Hansda Sowvendra Shekhar,2017,2017,1996-2020,1951_to_date,2017,2018,,,Unspecified,"On 11 August 2017, the government of Jharkhand banned The Adivasi Will Not Dance: Stories and summarily suspended the author from his job, on the grounds that the book portrayed Adivasi women and Santhal culture in a bad light.[68] The key complainants appear to have been the ruling party in Jharkhand, the Bharatiya Janata Party, the opposition party Jharkhand Mukti Morcha, and an academic at Jamia Millia Islamia.[69] The government's actions were widely criticised.[70][71][72][73] The ban on The Adivasi Will Not Dance: Stories was removed in December 2017[74][75] and Shekhar's suspension was removed and he was reinstated into his job in 2018.[76][77]",India,statewide,Jharkhand,Unspecified,Unspecified,Other
Teatro Political Dos,Malou Jacob,2014,2014,1996-2020,1951_to_date,2014,2015,,,Unspecified,"Banned in 2022 by the Commission on the Filipino Language (KWF) from public libraries and schools for being ""anti-government"". The works are previously published under the auspices of the KWF.[193]",Phillipines,,,Unspecified,Unspecified,Other
Shivaji: Hindu King in Islamic India,James Laine,2004,2004,1996-2020,1951_to_date,2004,2005,,,Unspecified,"In January 2004, a mob alleging disparaging remarks made about Shivaji attacked Bhandarkar Oriental Research Institute where Laine had researched the book. Several rare manuscripts were destroyed in the process.[48] On 14 January, the state government run by the Congress Party under Sushil Kumar Shinde banned the book.[49] In 2007, the Bombay High Court revoked the ban.[50] The state government challenged the decision in the Supreme Court. Supreme Court upheld the previous decision and lifted the ban in 2010.[51]",India,statewide,Maharashtra,Unspecified,Unspecified,Other
Santsurya Tukaram and Loksakha Dnyaneshwar,Anand Yadav,2014,2014,1996-2020,1951_to_date,2014,2015,,,Unspecified,A Pune court ordered the copies of the books to be destroyed in June 2014. The complaint Jaisingh More had claimed that the book was derogatory to Tukaram and Dnyaneshwar. The publishers defended the book and the author's daughter stated that they will appeal in a higher court.[36],India,nationwide,,Unspecified,Unspecified,Other
Meendezhum Pandiyar Varalaru (Resurgence of Pandiyan History),K. Senthil Mallar,2013,2013,1996-2020,1951_to_date,2013,2014,,,Unspecified,"The Tamil Nadu government banned this Tamil book on 30 May 2013 on grounds that it may cause violence and promote discord among communities. The book allegedly claims the Dalit community called Pallar, were among the rulers of the Pandya kingdom. The author has appealed in the Madras High Court against the ban.[66][67]",India,statewide,Tamil Nadu,Unspecified,Unspecified,Other
"Jinnah: India, Partition, Independence",Jaswant Singh,2009,2009,1996-2020,1951_to_date,2009,2010,,,Unspecified,"Banned in Gujarat but overturned.[22] The book was on banned on 19 August 2009,[56] for containing defamatory references to Sardar Vallabhbhai Patel.[57] Jaswant Singh was also expelled from his political party, BJP, for writing this book.[58] On 4 September, the Gujarat High Court revoked the ban.[56][59]Jharkhand",India,statewide,Gujarat,Unspecified,Unspecified,Other
Great Soul: Mahatma Gandhi and His Struggle With India,Joseph Lelyveld,2011,2011,1996-2020,1951_to_date,2011,2012,,,Unspecified,"The biographical book suggested that Gandhi was a bisexual.[60] It is banned in the state of Gujarat (where Gandhi was born) on 31 March 2011.[61] The Union Law Minister Veerappa Moily hinted that the Centre may also ban the book. Gandhi's grandsons, Tushar Gandhi,[62] Rajmohan Gandhi[63] and Gopalkrishna Gandhi,[64] expressed opposition to the ban proposal. On 4 April, Moily ruled out the ban.[65]",India,statewide,Gujarat,Unspecified,Unspecified,Other
Dwikhandito,Taslima Nasrin,2003,2003,1996-2020,1951_to_date,2003,2004,,,Unspecified,"The CPI(M) government banned the book on 28 November 2003 fearing that book could incite communal discord.[45] In November 2003, the Calcutta High Court put out an injunction against publication after a poet, Syed Hasmat Jalal, filed an 110 million INR defamation suit.[46] On 22 September 2005, the court lifted the ban.[47]",India,statewide,West Bengal,Unspecified,Unspecified,Other
Who killed Gandhi,Lourenço de Salvador,1979,1979,1971-1995,1951_to_date,1979,1980,,,Unspecified,This book cannot be imported into India.[28] The book was considered inflammatory and ill-researched.[22][23],India,nationwide,,Unspecified,Unspecified,Other
"Tawid diwa sa pananagisag ni Bienvenido Lumbera: Ang Bayan, ang Nanunulat at ang Magasing Sagisag sa Imahinatibong Yugto ng Batas Militar 1975–1979",Dexter Cayanes,1975,1975,1971-1995,1951_to_date,1979,1976,,,Unspecified,"Research on the literary works by Bienvenido Lumbera, who was imprisoned during the Martial Law period under President Ferdinand Marcos. Banned in 2022 by the Commission on the Filipino Language (KWF) from public libraries and schools for being ""anti-government"".[193]",Phillipines,,,Unspecified,Unspecified,Other
Soft Target: How the Indian Intelligence Service Penetrated Canada,Zuhair Kashmeri and Brian McAndrew,1989,1989,1971-1995,1951_to_date,1989,1990,,,Unspecified,"The book claims that the Indian intelligence agencies penetrated the Canadian Sikh community, Royal Canadian Mounted Police (RCMP) and Canadian Security Intelligence Service (CSIS) to discredit the demand for a separate Sikh state.[34]",India,nationwide,,Unspecified,Unspecified,Other
Smash and Grab: Annexation of Sikkim,Sunanda K. Datta-Ray,1984,1984,1971-1995,1951_to_date,1984,1985,,,Unspecified,The book dealt with India's annexation of Sikkim. The Delhi High Court had stopped its publication after a political officer station in Gangtok at the time filed a defamation suit. The book was later allowed for release.[31][32],India,nationwide,,Unspecified,Unspecified,Other
"New Portuguese Letters
(Novas Cartas Portuguesas)","Maria Isabel Barreno, Maria Teresa Horta and Maria Velho da Costa",1972,1972,1971-1995,1951_to_date,1972,1973,,,Unspecified,"Banned as ""pornographic and an offense to public morals""; authors charged with ""abuse of the freedom of the press"" and ""outrage to public decency""; uplifted after the Carnation Revolution in 1974.[196]",Portugal,,,Unspecified,Unspecified,Other
Nehru: A Political Biography,Michael Edwardes,1975,1975,1971-1995,1951_to_date,1975,1976,,,Unspecified,This book cannot be imported into India.[28] The book purportedly contained grievous factual errors.[23],India,nationwide,,Unspecified,Unspecified,Other
Early Islam,Desmond Stewart,1975,1975,1971-1995,1951_to_date,1975,1976,,,Unspecified,This book cannot be imported into India.[28] The book purportedly contained grievous factual errors.[23],India,nationwide,,Unspecified,Unspecified,Other
China's Foreign Relations Since 1949,Alan Lawrence,1978,1978,1971-1995,1951_to_date,1978,1979,,,Unspecified,This book cannot be imported into India.[28],India,nationwide,,Unspecified,Unspecified,Other
The Jewel in the Lotus,Allen Edwardes,1968,1968,1946-1970,1951_to_date,1968,1969,,,Unspecified,This book cannot be imported into India.[21] Allen Edwardes was the pen-name of a scholar who wrote on Middle East and Oriental erotica.,India,nationwide,,Unspecified,Unspecified,Other
The Heart of India,Alexander Campbell,1959,1959,1946-1970,1951_to_date,1959,1960,,,Unspecified,This book cannot be imported into India.[21] Alexander Campbell was Time magazine's New Delhi correspondent. The book is a fictionalized and humorous account of Indian bureaucracy and economic policies.[22],India,nationwide,,Unspecified,Unspecified,Other
The Evolution of the British Empire and Commonwealth from the American Revolution,Alfred LeRoy Burt,1969,1969,1946-1970,1951_to_date,1969,1970,,,Unspecified,This book cannot be imported into India.[28],India,nationwide,,Unspecified,Unspecified,Other
Ramayana: A True Reading,Periyar E. V. Ramasamy,1969,1969,1946-1970,1951_to_date,1969,1970,,,Unspecified,"The Hindi version of the book, Sachchi Ramayana, was banned by the state government and all copies were seized in December 1969. The publisher challenged the decision in the Allahabad High Court. The court nullified the ban and asked the government to return all copies to the publisher. The state government challenged the High Court in the Supreme Court. On 16 September 1976, Supreme Court declared the ban to be illegal. However, the government ignored the court decisions and managed to stop sales of the book, until 1995. In 1995, after the political party Bahujan Samaj Party (BSP) came to power, the book was widely published for the Periyar mela held in September 1995.[41]",India,statewide,Uttar Pradesh,Unspecified,Unspecified,Other
Rama Retold,Aubrey Menen,1955,1955,1946-1970,1951_to_date,1955,1956,,,Unspecified,This book cannot be imported into India.[15] It was a play[19] which was a spoof of the Ramayana.[20] It was one of the first books to be banned in independent India.[19] The American edition was simply called The Ramayana.[20],India,nationwide,,Unspecified,Unspecified,Other
Pakistan-Pasmanzarwa Peshmanzar,Hameed Anwar,1950,1950,1946-1970,1801_to_1950,1950,1951,,,Unspecified,"This book, originally in Urdu, cannot be imported into India.[15]",India,nationwide,,Unspecified,Unspecified,Other
Nine Hours to Rama,Stanley Wolpert,1962,1962,1946-1970,1951_to_date,1962,1963,,,Unspecified,"This book cannot be imported into India.[21] The book and the movie based on it, both were banned in India. The book was thought to be justifying the actions of Nathuram Godse who murdered Gandhi.[25] The book also points to the lapse in security.[14][22]",India,nationwide,,Unspecified,Unspecified,Other
Nepal,Toni Hagen,1963,1963,1946-1970,1951_to_date,1963,1964,,,Unspecified,This book cannot be imported into India.[21],India,nationwide,,Unspecified,Unspecified,Other
Marka-e-Somnath,Maulana Muhammad Sadiq Hussain Sahab Sadiq Siddiqui Sardanvi,1952,1952,1946-1970,1951_to_date,1952,1953,,,Unspecified,"This book, originally in Urdu, is a Pakistani treatise on Somnath and it cannot be imported into India.[15]",India,nationwide,,Unspecified,Unspecified,Other
Man from Moscow,Greville Wynne,1970,1970,1946-1970,1951_to_date,1970,1971,,,Unspecified,This book cannot be imported into India.[28] Greville Wynne was a courier for the British Secret Intelligence Service (MI6). The book is about his involvement with Oleg Penkovsky.[29] The book was banned for purportedly misrepresenting Indian policies.[23],India,nationwide,,Unspecified,Unspecified,Other
Khaak aur Khoon,Nusseim Hajazi,1950,1950,1946-1970,1801_to_1950,1950,1951,,,Unspecified,"This book, originally in Urdu, cannot be imported into India.[15]",India,nationwide,,Unspecified,Unspecified,Other
Dark Urge,Robert W. Taylor,1955,1955,1946-1970,1951_to_date,1955,1956,,,Unspecified,This book cannot be imported into India.[15],India,nationwide,,Unspecified,Unspecified,Other
Chadramohini,,1952,1952,1946-1970,1951_to_date,1952,1953,,,Unspecified,"This book, originally in Urdu, cannot be imported into India.[15]",India,nationwide,,Unspecified,Unspecified,Other
Cease-Fire,Agha Babar,1950,1950,1946-1970,1801_to_1950,1950,1951,,,Unspecified,"This book, originally in Urdu, cannot be imported into India.[15]",India,nationwide,,Unspecified,Unspecified,Other
Bhupat Singh,Kaluwank Ravatwank,1954,1954,1946-1970,1951_to_date,1954,1955,,,Unspecified,"This book, originally in Gujarati, cannot be imported into India.[15]",India,nationwide,,Unspecified,Unspecified,Other
An Area of Darkness,V. S. Naipaul,1964,1964,1946-1970,1951_to_date,1964,1965,,,Unspecified,Banned for its negative portrayal of India and its people.[22],India,nationwide,,Unspecified,Unspecified,Other
A Struggle between two lines over the question of How to Deal with U.S. Imperialism,Hsiu-chu Fan,1969,1969,1946-1970,1951_to_date,1969,1970,,,Unspecified,This book cannot be imported into India.[28],India,nationwide,,Unspecified,Unspecified,Other
The Scented Garden: Anthropology of the Sex Life in the Levant,Bernhard Stern,1945,1945,1920-1945,1801_to_1950,1945,1946,,,Unspecified,This book cannot be imported into India.[15] This is a book about sexual practices and marriage rites of the people of Middle East (Levant).[16] The book was allegedly sexually explicit.[14],India,nationwide,,Unspecified,Unspecified,Other
The Land of the Lingam,Arthur Miles,1937,1937,1920-1945,1801_to_1950,1937,1938,,,Unspecified,"It cannot be imported into India.[6] The book is about Hinduism, caste and phallicism.[13]",India,nationwide,,Unspecified,Unspecified,Other
The Face of Mother India,Katherine Mayo,1936,1936,1920-1945,1801_to_1950,1936,1937,,,Unspecified,"It cannot be imported into India.[6] In 1927, Gandhi wrote a review of the book titled ""Drain Inspector Report"" which was published in the Young India.[12]",India,nationwide,,Unspecified,Unspecified,Other
Satyarth Prakash,Dayananda Saraswati,1944,1944,1920-1945,1801_to_1950,1944,1945,,,Unspecified,"Satyartha Prakash was banned in some princely states and in Sindh in 1944 and is still banned in Sindh.[38] In 2008 two Indian Muslims, Usman Ghani and Mohammad Khalil Khan of Sadar Bazar, Delhi, following the fatwa of Mufti Mukarram Ahmed, the Imam of Fatehpuri Masjid in Delhi, urged the Delhi High Court to ban Satyarth Prakash.[39] However, the court dismissed the petition and commented ""A suit by Hindus against the Quran or by Muslims against Gita or Satyarth Prakash claiming relief... are in fact, meant to play mischief in the society.""[40]",India,statewide,Sindh,Unspecified,Unspecified,Other
Rangila Rasul,Pandit M. A. Chamupati or Krishan Prashaad Prataab[1],1924,1924,1920-1945,1801_to_1950,1924,1925,,,Unspecified,"In May 1924, this Urdu booklet was published in Lahore. The booklet purportedly described Prophet Muhammad's relationship with women. The publisher, Raj Pal,[2] was charged under 153A of the Indian Penal Code for hate speech by the Punjab government. The final disposition came in May 1927.[2] The court declared that law does not prohibit satirical writings about the deceased and the publisher was acquitted with a warning.[1][3] On 6 April 1929, the publisher was murdered.[3][4] The murderer, a Muslim youth named Ilm-ud-din, was sentenced to death and the sentenced was carried out on 31 October 1929.[5] Ilm-ud-din's defence lawyer was Muhammad Ali Jinnah.",India,nationwide,,Unspecified,Unspecified,Other
Mysterious India,Moki Singh,1940,1940,1920-1945,1801_to_1950,1940,1941,,,Unspecified,The book cannot be imported into India.[6] The book purportedly contained stereotypes.[14],India,nationwide,,Unspecified,Unspecified,Other
On Fierce Wound – Fierce Herb,Ratko Zakić,before 1967,_complex_dates,_complex_dates,_complex_dates,before 1967,_complex_end_date,,,Unspecified,"Withdrawn from sales and destroyed after the decision of the Municipal Committee of the League of Communists of Kraljevo in Kraljevo, Yugoslavia in 1967.[289]",Yugoslavia,,,Unspecified,Unspecified,Other
May Hadlang ang Umaga,Don Pagusara,before 2022,_complex_dates,_complex_dates,_complex_dates,before 2022,_complex_end_date,,,Unspecified,"Banned in 2022 by the Commission on the Filipino Language (KWF) from public libraries and schools for being ""anti-government"". The works are previously published under the auspices of the KWF.[193]",Phillipines,,,Unspecified,Unspecified,Other
Labas: Mga Palabas ng Sentro,Reuel Aguilla,before 2022,_complex_dates,_complex_dates,_complex_dates,before 2022,_complex_end_date,,,Unspecified,"Banned in 2022 by the Commission on the Filipino Language (KWF) from public libraries and schools for being ""anti-government[193]",Phillipines,,,Unspecified,Unspecified,Other
Kalatas: Mga Kuwentong Bayan at Kuwentong Buhay,Rommel Rodriguez,2006?,_complex_dates,_complex_dates,_complex_dates,2006?,_complex_end_date,,,Unspecified,"Banned in 2022 by the Commission on the Filipino Language (KWF) from public libraries and schools for being ""anti-government"". The works are previously published under the auspices of the KWF.[193]",Phillipines,,,Unspecified,Unspecified,Other
The True Furqan,"Al Saffee, Al Mahdee",2005,2005,1996-2020,1951_to_date,2005,2006,,,Unspecified,Banned for purportedly mocking Islam.[22] The book has been allegedly written by a Christian evangelical group to proselytise Muslims.[23] The import of this book is strictly prohibited.[35],India,nationwide,,Religious text,Religious text,Other
Islam: A Concept of Political World Invasion,R. V. Bhasin,2007,2007,1996-2020,1951_to_date,2007,2008,,,Unspecified,"The book was released in 2003. It was banned by the Congress government in 2007 ground that it contained derogatory remarks about Islam and Prophet Mohammad.[54] In 2010, Bombay High Court upheld the ban.[55] The decision was challenged in the Supreme Court but it rejected the appeal.[54]",India,statewide,Maharashtra,Religious text,Religious text,Other
Bhavsagar Granth,Followers of Baba Bhaniara,2001,2001,1996-2020,1951_to_date,2001,2002,,,Unspecified,"Banned by Parkash Singh Badal-led Punjab government in 2001 for allegedly insulting the Sikh faith. The state arrested the people who were found in possession of the book, and confiscated its copies.[42] In November 2008, the Supreme Court of India overturned the ban, stating that the Punjab government was allowed to issue a fresh ban, if needed.[43] The Punjab Government then banned the book on 15 December 2008.[44]",India,statewide,Punjab,Religious text,Religious text,Other
A Modern Approach to Social Studies (2010),Unknown,2010,2010,1996-2020,1951_to_date,2010,2011,,,School textbook,Banned for blasphemy against Islam.[175],Nepal,,,School textbook,Religious text,Other
You: An Introduction (2008),Michael Jensen,2008,2008,1996-2020,1951_to_date,2008,2009,2015,2015,Religious text,"Banned by the New South Wales Department of Education and Communities from state schools May 6, 2015, on the basis of a ""potential risk to students in the delivery of this material, if not taught sensitively and in an age appropriate manner.""[20] The ban was lifted May 18, 2015.",Australia,,,Religious text,Religious text,Other
What Islam Is All About,Yahiya Emerick,1997,1997,1996-2020,1951_to_date,1997,1998,,,Religious education,"Banned in 2018 for ""promoting enmity among different religious communities"".[222][223][224]",Singapore,,,Religious text,Religious text,Other
Understanding Islam through Hadis,Ram Swarup,1991,1991,1971-1995,1951_to_date,1991,1992,,,Unspecified,"The book, originally published in 1982, was banned for its critique of political Islam.[27]",India,nationwide,,Religious text,Religious text,Other
The Satanic Verses,Salman Rushdie,1988,1988,1971-1995,1951_to_date,1988,1989,,,Novel,Banned in 1989 for blasphemy against Islam.[28][221],Singapore,,,Religious text,Religious text,Other
A Sneaking Suspicion (1995),John Dickson,1995,1995,1971-1995,1951_to_date,1995,1996,2015,2015,Religious text,"Banned by the New South Wales Department of Education and Communities from state schools May 6, 2015, on the basis of a ""potential risk to students in the delivery of this material, if not taught sensitively and in an age appropriate manner.""[20] The ban was lifted May 18, 2015.",Australia,,,Religious text,Religious text,Other
What has Religion done for Mankind,,1954,1954,1946-1970,1951_to_date,1954,1955,,,Unspecified,This book cannot be imported into India.[15] This is a book published by the Watch Tower Bible and Tract Society.[17] This book tries to refute Eastern religions.[18],India,nationwide,,Religious text,Religious text,Other
Ayesha,Kurt Frischler,1963,1963,1946-1970,1951_to_date,1963,1964,,,Unspecified,This book is alleged to hurt Muslim sentiments. This book cannot be imported into India.[21] The original German title was Aischa: Mohammed's Lieblingfrau (Aischa: Mohammed's Favorite Wife).[26],India,nationwide,,Religious text,Religious text,Other
The Satanic Bible (1969),Anton LaVey,1969,1969,1946-1970,1951_to_date,1969,1970,,,Religious text,Banned during apartheid in South Africa from 1973 to 1993 for moral reasons.[229],South Africa,,,Religious text,Religious text,Other
New World Translation,New World Bible Translation Committee,1961,1961,1946-1970,1951_to_date,1961,1962,,,Bible Translation,"In 2015, Russia banned import of the Jehovah's Witnesses' New World Translation of the Holy Scriptures.[201][202]",Russia,,,Religious text,Religious text,Other
Angarey,Various,1933,1933,1920-1945,1801_to_1950,1933,1934,,,Unspecified,"This collection of stories by Sajjad Zaheer, Ahmed Ali, Rashid Jahan and Mahmud-uz-Zafar was published in 1932. It drew protests from Muslim religious leaders.[11] In 1933, it was banned by the British colonial government.[9]",India,nationwide,,Religious text,Religious text,Other
Rangila Rasul (1927),Pt. Chamupati,1927,1927,1920-1945,1801_to_1950,1927,1928,,,Religious,"Currently banned in India, Pakistan, and Bangladesh.[27]",Pakistan,,,Religious text,Religious text,Other
The Bible,see Authorship of the Bible,see Dating the Bible,_complex_dates,_complex_dates,_complex_dates,see Dating the Bible,_complex_end_date,,,Religious text,"Spanish translations of the Bible were prohibited in Spain from the sixteenth until the nineteenth century.[235] In 1234, King James I of Aragon ordered the burning of Bibles in the vernacular.[236]",Spain,,,Religious text,Religious text,Other
Fazail-e-Amaal,Muhammad Zakariya Kandhlawi,Sometime between the 1920s and 1950s,_complex_dates,_complex_dates,_complex_dates,Sometime between the 1920s and 1950s,_complex_end_date,,,Sufi evangalism,Currently banned in Saudi Arabia.[218][219],Saudi Arabia,,,Religious text,Religious text,Other
A Message to Man and Humanity,Aleksandar Cvetković,2011,2011,1996-2020,1951_to_date,2011,2012,,,Unspecified,"Banned in Yugoslavia by court order in 1967 for ""false and wicked claims, and enemy propaganda that supports pro-Chinese politics"".[289]",Yugoslavia,,,Political,Political,Other
"Unfree Speech: The Threat to Global Democracy and Why We Must Act, Now (2020)",Joshua Wong,2020,2020,1996-2020,1951_to_date,2020,2021,,,Political,Censored due to inciting secession. Taken out of libraries because of the Hong Kong national security law.[103],China,,,Political,Political,Other
Moving Away from the Imperial Regime (2015),Qin Hui,2015,2015,1996-2020,1951_to_date,2015,2016,,,Political,"Banned. The book explores the unfulfilled promise of constitutional democracy, and another historian suggests that it may have been banned because the topic deals with the Chinese dynastic cycle.[101]",China,,,Political,Political,Other
Mao: The Unknown Story (2005),Jung Chang,2005,2005,1996-2020,1951_to_date,2005,2006,,,Political,Banned due to depicting Chairman Mao Zedong as a fascist leader against his people. Book reviews have also been banned.[84][85],China,,,Political,Political,Other
I Love My Mum (2004),Chen Xiwo,2004,2004,1996-2020,1951_to_date,2004,2005,,,Political,A novella in which the relationship between Chinese citizens and their government are metaphorically portrayed as a cognitively impaired man in extreme sexual situations with their mother.[82],China,,,Political,Political,Other
China's Best Actor: Wen Jiabao (2010),Yu Jie,2010,2010,1996-2020,1951_to_date,2010,2011,,,Political,Published in Hong Kong and banned in mainland China.[98] Author moved to the United States in 2012.[99],China,,,Political,Political,Other
Self Study Material on Nepal's Territory and Border (2020),"Ministry of Education, Science and Technology",2020,2020,1996-2020,1951_to_date,2020,2021,,,Map book,Banned for irredentist views regarding the country's neighbors.[175][failed verification],Nepal,,,Political,Political,Other
Le roi prédateur (2012),Catherine Graciet and Éric Laurent,2012,2012,1996-2020,1951_to_date,2012,2013,,,Investigative Journalism,"Banned in Morocco. This book makes allegedly ""defamatory"" accusations of corruption against Mohammed VI of Morocco, after investigating the exponential growth of his wealth.[173][174]",Morocco,,,Political,Political,Other
The Tiananmen Papers (2001),Compiled by Zhang Liang,2001,2001,1996-2020,1951_to_date,2001,2002,,,Compilation of selected Chinese official documents,Controversy about this book include authenticity of selected documents and selection bias.[75],China,,,Political,Political,Other
The Price of Power: Kissinger and Nixon in the White House,Seymour Hersh,1983,1983,1971-1995,1951_to_date,1983,1984,,,Unspecified,"Briefly banned for alleging Morarji Desai to be a CIA informer.[22] The book claimed that Morarji Desai was paid US$20,000 per year, starting from the time of Lyndon B. Johnson. Desai obtained an injunction from the Bombay High Court for a temporary ban and sued for damages worth US$5 million in US.[30]",India,nationwide,,Political,Political,Other
India Independent,Charles Bettelheim,1976,1976,1971-1995,1951_to_date,1976,1977,,,Unspecified,This book cannot be imported into India.[28] It was banned for criticising the policies of the Indian government.[22],India,nationwide,,Political,Political,Other
Zhuan Falun (1993),Li Hongzhi,1993,1993,1971-1995,1951_to_date,1993,1994,,,Spiritual/Political[64][65][66],Banned in mainland China.[67],China,,,Political,Political,Other
Year 501: The Conquest Continues (1993),Noam Chomsky,1993,1993,1971-1995,1951_to_date,1993,1994,,,Politics,"Banned for distribution in South Korean military as one of 23 books banned on August 1, 2008.[233]",South Korea,,,Political,Political,Other
"United States – Vietnam Relations, 1945–1967: A Study Prepared by the Department of Defense (1971)",Robert McNamara and the United States Department of Defense,1971,1971,1971-1995,1951_to_date,1971,1972,,,Government study,Also known as the Pentagon Papers. US President Nixon attempted to suspend publication of classified information. The restraint was lifted by the US Supreme Court in a 6–3 decision.[281] See also New York Times Co. v. United States.,United States,,,Political,Political,Other
Unarmed Victory,Bertrand Russell,1963,1963,1946-1970,1951_to_date,1963,1964,,,Unspecified,The book dealt with the Sino-Indian War which India lost.[27],India,nationwide,,Political,Political,Other
The New Class: An Analysis of the Communist System (1957),Milovan Đilas,1957,1957,1946-1970,1951_to_date,1957,1958,,,Unspecified,"Banned in Yugoslavia by court order in 1957; author sentenced for enemy propaganda to seven years in prison, prolonged to 13 years in 1962.[289]",Yugoslavia,,,Political,Political,Other
Captive Kashmir: Story of a Betrayed and Enslaved People,Aziz Beg,1958,1958,1946-1970,1951_to_date,1958,1959,,,Unspecified,This book is highly critical of India's stand on Kashmir. This book cannot be imported into India.[21],India,nationwide,,Political,Political,Other
Curved River,Živojin Pavlović,1963,1963,1946-1970,1951_to_date,1963,1964,,,Story collection,In 1963 in Yugoslavia withdrawn by the publisher (Nolit) at request of SDB officials.[289],Yugoslavia,,,Story collection,Political,Other
Animal Farm (1945),George Orwell,1946,1946,1946-1970,1801_to_1950,1946,1947,1948,1968,Political novella,Banned by government in 1948.[105],Czechoslovakia,,,Political,Political,Other
Mein Kampf (1925),Adolf Hitler,1925,1925,1920-1945,1801_to_1950,1925,1926,,,Political manifesto,"In Austria, the Verbotsgesetz 1947 prohibits the printing of the book. It is illegal to own[citation needed] or distribute existing copies.[26] Following the general prohibition of advocating the Nazi Party or its aims in § 3 and of re-founding Nazi organizations in § 1, § 3 d. of the Verbotsgesetz states: ""Whoever publicly or before several people, in printed works, disseminated texts or illustrations requests, encourages or seeks to induce others to commit any of the acts prohibited under § 1 or § 3, especially if for this purpose he glorifies or advertises the aims of the Nazi Party, its institutions or its actions, provided that it does not constitute a more serious criminal offense, will be punished with imprisonment from five to ten years, or up to twenty years if the offender or his actions are especially dangerous.""[26]",Austria,,,Political,Political,Other
Mein Kampf (1925),Adolf Hitler,1925,1925,1920-1945,1801_to_1950,1925,1926,,,Political manifesto,"In Germany, the copyright of the book was held by the State Government of Bavaria, and the Bavarian authorities prevented any reprinting from 1945 onward. This did not affect existing copies, which were available as vintage books. In 2016, following the expiration of the copyright, Mein Kampf was republished in Germany for the first time since 1945 as a commented edition by the Institut für Zeitgeschichte.[120]",Germany,,,Political,Political,Other
Mein Kampf (1925),Adolf Hitler,1925,1925,1920-1945,1801_to_1950,1925,1926,,,Political manifesto,Banned during the regime of Jorge Ubico.[127],Guatemala,,,Political,Political,Other
Mein Kampf (1925),Adolf Hitler,1925,1925,1920-1945,1801_to_1950,1925,1926,,,Political manifesto,Banned until 1992.[122],Poland,,,Political,Political,Other
Mein Kampf (1925),Adolf Hitler,1925,1925,1920-1945,1801_to_1950,1925,1926,,,Political manifesto,Banned in the Russian Federation as extremist.[209],Russia,,,Political,Political,Other
Animal Farm,George Orwell,1945,1945,1920-1945,1801_to_1950,1945,1946,,,Political novella,"Completed in 1943, Orwell found that no publisher would print the book, due to its criticism of the USSR, an important ally of Britain in the War.[210] Once published, the book was banned in the USSR and other communist countries.[211]",Russia,,,Political,Political,Other
Animal Farm,George Orwell,1945,1945,1920-1945,1801_to_1950,1945,1946,,,Political novella,"In 2002, the novel was banned in the schools of the United Arab Emirates, because it contained text or images that would go against Islamic values, most notably an anthropomorphic, talking pig as the leader of the farm. However, the ban is no longer enforced and has been recently lifted.[147]",United Arab Emirates,,,Political,Political,Other
Animal Farm,George Orwell,1945,1945,1920-1945,1801_to_1950,1945,1946,,,Political novella,Censored in Vietnam.[citation needed],Vietnam,,,Political,Political,Other
Snorri the Seal (1941),Frithjof Sælen,1941,1941,1920-1945,1801_to_1950,1941,1942,,,Fable,Satirical book banned during the German occupation of Norway.[184],Norway,,,Fable,Political,Other
Howl (1955),Allen Ginsberg,1955,1955,1946-1970,1951_to_date,1955,1956,,,Poem,"Copies of the first edition seized by San Francisco Customs for obscenity in March 1957; after trial, obscenity charges were dismissed.[278]",United States,,,Poetry,Poetry/ Song/ Drama,Other
Works,Federico García Lorca,1939,1939,1920-1945,1801_to_1950,1939,1940,,,"Poetry, drama",Banned until 1954; published in Argentina.[244],Spain,,,Poetry,Poetry/ Song/ Drama,Other
Vangar Gaan,Kazi Nazrul Islam,1924,1924,1920-1945,1801_to_1950,1924,1925,,,Collection of poetry,Was banned by British authorities in 1924; ban withdrawn in 1949.,India,,,Poetry,Poetry/ Song/ Drama,Other
Proloy Shikha,Kazi Nazrul Islam,1930,1930,1920-1945,1801_to_1950,1930,1931,,,Collection of poetry,Was banned by British authorities in 1930; ban withdrawn in 1948.,India,,,Poetry,Poetry/ Song/ Drama,Other
Bisher Bashi,Kazi Nazrul Islam,1924,1924,1920-1945,1801_to_1950,1924,1925,,,Collection of poetry,Was banned by British authorities in 1924; ban withdrawn in 1945.,India,,,Poetry,Poetry/ Song/ Drama,Other
The White Disease (1937),Karel Čapek,1937,1937,1920-1945,1801_to_1950,1937,1938,1938,1945,Play,Banned by government of Second Czechoslovak Republic in 1938.,Czechoslovakia,,,Play,Poetry/ Song/ Drama,Other
Die Gesteinigten,Friedrich Forster,1933,1933,1920-1945,1801_to_1950,1933,1934,,,Drama,Banned and printed copies pulped[124],Germany,,,Drama,Poetry/ Song/ Drama,Other
Chandrabindu,Kazi Nazrul Islam,1931,1931,1920-1945,1801_to_1950,1931,1932,,,Collection of songs,Was banned by British authorities in 1931; ban withdrawn in 1945.,India,,,Collection of songs,Poetry/ Song/ Drama,Other
Thoughts of a Corpse,Prvoslav Vujčić,by 2014,_complex_dates,_complex_dates,_complex_dates,by 2014,_complex_end_date,,,Poems,Banned in Yugoslavia by court order in 1983; republished in 2004.[288],Yugoslavia,,,Poetry,Poetry/ Song/ Drama,Other
Castration of the Wind,Prvoslav Vujčić,by 2014,_complex_dates,_complex_dates,_complex_dates,by 2014,_complex_end_date,,,Poems,Written in Tuzla prison in 1984. Banned in Yugoslavia by court order in 1984; republished in 2005.[288],Yugoslavia,,,Poetry,Poetry/ Song/ Drama,Other
Will the Boat Sink the Water (2004),Chen Guidi and Wu Chuntao,2004,2004,1996-2020,1951_to_date,2004,2005,,,Academic study,"Banned for exploring peasant protests. Sold an estimated 7 million pirated copies, despite being almost immediately banned by China's propaganda department.[83]",China,,,Non-fiction,Non-fiction,Non-fiction
Things that Nullify One's Islaam,Shaykh al-Islaam Muhammad ibn 'Abdil-Wahhaab,2013,2013,1996-2020,1951_to_date,2013,2014,,,Non-fiction,"Banned in 2018 for ""promoting enmity among different religious communities"".[222][223][224]",Singapore,,,Non-fiction,Non-fiction,Non-fiction
The Wisdom of Jihad,Abuhuraira Abdurrahman,2005,2005,1996-2020,1951_to_date,2005,2006,,,Non-fiction,"Banned in 2018 for ""promoting enmity among different religious communities"".[222][223][224]",Singapore,,,Non-fiction,Non-fiction,Non-fiction
The Truth About Muhammad,Robert Spencer,2006,2006,1996-2020,1951_to_date,2006,2007,,,Non-fiction,"On December 20, 2006, the government of Pakistan announced a ban on Spencer's book, citing ""objectionable material"" as the cause.[189]",Pakistan,,,Non-fiction,Non-fiction,Non-fiction
The Cover-up General,Edwin Giltay,2014,2014,1996-2020,1951_to_date,2014,2015,,,Non-fiction thriller,Banned in the Netherlands by court order in 2015 as a former spy of Dutch military intelligence claimed she was described falsely in this Srebrenica book.[176] Ban lifted by the Court of Appeal of The Hague in 2016.[177][178],Netherlands,,,Non-fiction,Non-fiction,Non-fiction
"Rebirth: Reformasi, Resistance, and Hope in New Malaysia",Kean Wong,2020,2020,1996-2020,1951_to_date,2020,2021,,,Non- fiction,"Banned for containing insulting elements to the Malaysian Coat of Arms which is likely to be prejudicial to public order, security, national interest, alarm public opinion and contrary to any law, and therefore is ""absolutely prohibited throughout Malaysia"".[168]",Malaysia,,,Non-fiction,Non-fiction,Non-fiction
Onward Muslim Soldiers,Robert Spencer,2003,2003,1996-2020,1951_to_date,2003,2004,,,Non-fiction,"On July 12, 2007, the government of Malaysia announced a ban on Spencer's book, citing ""confusion and anxiety among the Muslims"" as the cause.[165]",Malaysia,,,Non-fiction,Non-fiction,Non-fiction
Lingren Wangshi (2005),Zhang Yihe,2005,2005,1996-2020,1951_to_date,2005,2006,,,Non-fiction,"The book, which documents the experiences of Peking Opera artists during the Anti-Rightist Campaign and the Cultural Revolution, was banned by the General Administration of Press and Publication in 2007.[86][87]",China,,,Non-fiction,Non-fiction,Non-fiction
Gay is OK! A Christian Perspective(2013–2022),Boon Lin Ngeo,2013,2013,1996-2020,1951_to_date,2013,2014,,,Non-fiction,"Banned for attempting to promote homosexual culture in Malaysia, which goes against religious and cultural sensitivities in the country.[169]In 2022, the ban was challenged through a judicial review petition in High Court of Kuala Lumpur. The court quashed the ban and ordered the Home Ministry of Malaysia to pay RM 5000 to the author.[170]",Malaysia,,,Non-fiction,Non-fiction,Non-fiction
"Bloody Myth: An Account of the Cultural Revolution Massacre of 1967 in Daoxian, Hunan (血的神话: 公元1967年湖南道县文革大屠杀纪实) (2012)",Tan Hecheng,2012,2012,1996-2020,1951_to_date,2012,2013,,,Non-fiction,An account of murders in a rural district of China during Mao Zedong's Cultural Revolution. Banned for 26 years and released in 2012.[100],China,,,Non-fiction,Non-fiction,Non-fiction
"Big River, Big Sea — Untold Stories of 1949 (2009)",Lung Ying-tai,2009,2009,1996-2020,1951_to_date,2009,2010,,,Non-Fiction,"It sold over 100,000 copies in Taiwan and 10,000 in Hong Kong in its first month of release, but discussion of her work was banned in mainland China following the book launch.[93]",China,,,Non-fiction,Non-fiction,Non-fiction
Bad Samaritans: The Myth of Free Trade and the Secret History of Capitalism,Ha-Joon Chang,2008,2008,1996-2020,1951_to_date,2008,2009,,,Non-fiction,"One of 23 books which from August 1, 2008, onward is banned for distribution within the South Korean military.[233]",South Korea,,,Non-fiction,Non-fiction,Non-fiction
The Great Replacement (2019),Brenton Harrison Tarrant,2019,2019,1996-2020,1951_to_date,2019,2020,,,Manifesto,The Christchurch shooter's manifesto was banned shortly after it appeared on the internet in 2019.,New Zealand,,,Manifesto,Non-fiction,Non-fiction
The Peaceful Pill Handbook (2007),Philip Nitschke and Fiona Stewart,2007,2007,1996-2020,1951_to_date,2007,2008,2007,2007,Instructional manual on euthanasia,The book was initially restricted in Australia:[21] after review the 2007 edition was banned outright.[18][22][23],Australia,,,Instructional,Non-fiction,Non-fiction
The Peaceful Pill Handbook (2007),Philip Nitschke and Fiona Stewart,2007,2007,1996-2020,1951_to_date,2007,2008,,,Instructional manual on euthanasia,Initially banned in New Zealand by Office of Film & Literature Classification since it was deemed to be objectionable.[179] In May 2008 an edited version of the book was allowed for sale if sealed and an indication of the censorship classification was displayed.,New Zealand,,,Instructional,Non-fiction,Non-fiction
Mao's Great Famine (2010),Frank Dikötter,2010,2010,1996-2020,1951_to_date,2010,2011,,,History,Banned for discussing the Great Chinese Famine.[96][97],China,,,History,Non-fiction,Non-fiction
I Didn't Do It for You: How the World Betrayed a Small African Nation (2005),Michela Wrong,2005,2005,1996-2020,1951_to_date,2005,2006,,,History,Banned in Eritrea in 2014 for its criticism of President Isaias Afewerki.[110][failed verification],Eritrea,,,History,Non-fiction,Non-fiction
"How the Red Sun Rose: The Origins and Development of the Yan'an Rectification Movement, 1930-1945 [zh] (2000)",Gao Hua [zh],2000,2000,1996-2020,1951_to_date,2000,2001,,,History,"Banned for exploring in detail Mao Zedong in the Yan'an Rectification, and the internal struggles of the CCP.[71][72]",China,,,History,Non-fiction,Non-fiction
Capital and Ideology (2019),Thomas Piketty,2019,2019,1996-2020,1951_to_date,2019,2020,,,Economy,Banned for discussing China's income inequality and for refusing to accept censorship for a planned translation.[102],China,,,Non-fiction,Non-fiction,Non-fiction
Lethal Marriage,Nick Pron,1995,1995,1971-1995,1951_to_date,1995,1996,,,True crime,"Written by a newspaper reporter about the Paul Bernardo and Karla Homolka case, this book allegedly contains inaccuracies, additionally, complaints were received by the St. Catharines library board from the mother of a victim that led to the book being removed from all public library branches in the city.[50] As recently as 1999 this book was still unavailable to public library patrons in St. Catherines.[50]",Canada,,,True crime,Non-fiction,Non-fiction
Wild Swans: Three Daughters of China (1991),Jung Chang,1991,1991,1971-1995,1951_to_date,1991,1992,,,Family history,It talked about brutal political upheavals in China and purges of the Cultural Revolution.[62],China,,,Non-fiction,Non-fiction,Non-fiction
The Struggle Is My Life,Nelson Mandela,1978,1978,1971-1995,1951_to_date,1978,1979,,,Non-fiction,Banned in Apartheid South Africa until 1990.[230],South Africa,,,Non-fiction,Non-fiction,Non-fiction
The Hoax of the Twentieth Century,Arthur Butz,1976,1976,1971-1995,1951_to_date,1976,1977,,,Non-fiction,"Classified as ""hate literature"" in Canada with the Royal Canadian Mounted Police destroying copies as recently as 1995.[50]",Canada,,,Non-fiction,Non-fiction,Non-fiction
The Gulag Archipelago (1973),Aleksandr Solzhenitsyn,1973,1973,1971-1995,1951_to_date,1973,1974,,,Non-fiction,"Banned in the Soviet Union because it went against the image the Soviet Government tried to project of itself and its policies.[214] However, it has been available in the former Soviet Union since at least the 1980s. In 2009, the Education Ministry of Russia added The Gulag Archipelago to the curriculum for high-school students.[215]",Russia,,,Non-fiction,Non-fiction,Non-fiction
The Federal Mafia,Irwin Schiff,1992,1992,1971-1995,1951_to_date,1992,1993,,,Non-fiction,An injunction was issued by a US District Court in Nevada under 26 U.S.C. § 7408 against Irwin Schiff and associates Cynthia Neun and Lawrence Cohen against the sale of this book by those persons as the court found that the information it contains is fraudulent.[282],United States,,,Non-fiction,Non-fiction,Non-fiction
The Conjugal Dictatorship of Ferdinand and Imelda Marcos,Primitivo Mijares,1976,1976,1971-1995,1951_to_date,1976,1977,,,Non-fiction,Banned for during the Martial Law period due to being critical of the administration of President Ferdinand Marcos.[192],Phillipines,,,Non-fiction,Non-fiction,Non-fiction
My Secret Garden,Nancy Friday,1973,1973,1971-1995,1951_to_date,1973,1974,,,Non-fiction,Banned in Ireland for its sexual content.[160],Ireland,,,Non-fiction,Non-fiction,Non-fiction
How to Read Donald Duck,Ariel Dorfman and Armand Mattelart,1971,1971,1971-1995,1951_to_date,1971,1972,,,Non-fiction,Banned in Pinochet's Chile. The Chilean army publicly burned copies of the book.[51],Chile,,,Non-fiction,Non-fiction,Non-fiction
Clandestine in Chile,Gabriel García Márquez,1986,1986,1971-1995,1951_to_date,1986,1987,,,Non-fiction,"Banned in Pinochet's Chile. On November 28, 1986, the Chilean customs authorities seized almost 15,000 copies of Clandestine in Chile, which were later burned by military authorities in Valparaíso.[53]",Chile,,,Non-fiction,Non-fiction,Non-fiction
Apocalypse Culture,Adam Parfrey,1987,1987,1971-1995,1951_to_date,1987,1988,,,Non-fiction,"Collection of articles, interviews, and documents that explore the various marginal aspects of culture. It was banned in Russia in July 2006 by court order for propaganda of drug use, owing to inclusion of David Woodard's essay ""The Ketamine Necromance"", after its first and only Russian publication by Ultra.Kultura (Ультра.Культура). All printed copies of that Russian edition were destroyed.",Russia,,,Non-fiction,Non-fiction,Non-fiction
The Anarchist Cookbook,William Powell,1971,1971,1971-1995,1951_to_date,1971,1972,*Unknown*,*Unknown*,Instructional,Banned in Australia.[10][further explanation needed],Australia,,,Instructional,Non-fiction,Non-fiction
The Anarchist Cookbook,William Powell,1971,1971,1971-1995,1951_to_date,1971,1972,*Unknown*,*Unknown*,Instructional,Criminal due to containing information useful to terrorists.[266][267],United Kingdom,,,Instructional,Non-fiction,Non-fiction
Suicide mode d'emploi (1982),Claude Guillon,1982,1982,1971-1995,1951_to_date,1982,1983,,,Instructional,"This book, reviewing recipes for committing suicide, was the cause of a scandal in France in the 1980s, resulting in the enactment of a law prohibiting provocation to commit suicide and propaganda or advertisement of products, objects, or methods for committing suicide.[112] Subsequent reprints were thus illegal. The book was cited by name in the debates of the French National Assembly when examining the bill.[113]",France,,,Instructional,Non-fiction,Non-fiction
Put 'Em Down. Take 'Em Out. Knife Fighting Techniques From Folsom Prison,Don Pentecost,1988,1988,1971-1995,_complex_dates,*Unknown*,_complex_end_date,*Unknown*,*Unknown*,Instructional,Criminal due to containing information useful to terrorists.[266][267],United Kingdom,,,Instructional,Non-fiction,Non-fiction
Kill or Get Killed,Rex Applegate,1976,1976,1971-1995,1951_to_date,1976,1977,*Unknown*,*Unknown*,Instructional,Criminal due to containing information useful to terrorists.[266][267],United Kingdom,,,Instructional,Non-fiction,Non-fiction
How to make disposable silencers (1984),Desert and Eliezer Flores,1984,1984,1971-1995,1951_to_date,1984,1985,*Unknown*,*Unknown*,Instructional,"An example of a class of books banned in Australia that ""promote, incite or instruct in matters of crime or violence"".[17][18]",Australia,,,Instructional,Non-fiction,Non-fiction
How to Kill (series),John Minnery,1973,1973,1971-1995,1951_to_date,1973,1974,,,Instructional,Banned in Canada in 1977.[48][49],Canada,,,Instructional,Non-fiction,Non-fiction
Naree (1992),Humayun Azad,1992,1992,1971-1995,1951_to_date,1992,1993,,,Criticism,"Banned in Bangladesh in 1995,[29] though the ban was later lifted in 2000.[30]",Bangladesh,,,Criticism,Non-fiction,Non-fiction
The Lotus and the Robot,Arthur Koestler,1960,1960,1946-1970,1951_to_date,1960,1961,,,Unspecified,This book contains the author's experiences in India and Japan. The book was highly critical of the cultures of both nations.[23] The book was banned for its negative portrayal of Gandhi.[24],India,nationwide,,Non-fiction,Non-fiction,Non-fiction
Why We Can't Wait,Martin Luther King Jr.,1964,1964,1946-1970,1951_to_date,1964,1965,,,Non-fiction,Banned in South Africa because of its criticism of white supremacy.[228],South Africa,,,Non-fiction,Non-fiction,Non-fiction
Twilight of World Capitalism,William Z. Foster,1949,1949,1946-1970,1801_to_1950,1949,1950,,,Non-fiction,Banned under the Internal Security (Prohibition of Publications) (Consolidation) Order.[220],Singapore,,,Non-fiction,Non-fiction,Non-fiction
The Spanish Civil War,Hugh Thomas,1961,1961,1946-1970,1951_to_date,1961,1962,,,Non-fiction,"Banned by censors of Francoist Spain for its negative depiction of the Nationalist Faction during the Civil War, and its critique of the Franco regime.[249]",Spain,,,Non-fiction,Non-fiction,Non-fiction
The Social and State Structure of the USSR,Alexander Karpinsky,1952,1952,1946-1970,1951_to_date,1952,1953,,,Non-fiction,Banned under the Internal Security (Prohibition of Publications) (Consolidation) Order.[220],Singapore,,,Non-fiction,Non-fiction,Non-fiction
The Second Sex,Simone de Beauvoir,1949,1949,1946-1970,1801_to_1950,1949,1950,,,Non-fiction,Banned in Francoist Spain for its advocacy of feminism.[247],Spain,,,Non-fiction,Non-fiction,Non-fiction
The Devil's Discus,Rayne Kruger,1964,1964,1946-1970,1951_to_date,1964,1965,,,Non-fiction,Banned in Thailand in 2006 for violating the country's lese-majesté rules through its discussion of the murder of Thailand's king in 1946.[252][further explanation needed],Thailand,,,Non-fiction,Non-fiction,Non-fiction
The Case for Communism,William Gallacher,1949,1949,1946-1970,1801_to_1950,1949,1950,,,Non-fiction,Banned under the Internal Security (Prohibition of Publications) (Consolidation) Order.[220],Singapore,,,Non-fiction,Non-fiction,Non-fiction
The Autobiography of Malcolm X,Malcolm X with Alex Haley,1965,1965,1946-1970,1951_to_date,1965,1966,,,Non-fiction,Banned in South Africa because of its criticism of white supremacy.[228],South Africa,,,Non-fiction,Non-fiction,Non-fiction
The A to Z of the Soviet Union,Alex Page,1946,1946,1946-1970,1801_to_1950,1946,1947,,,Non-fiction,Banned under the Internal Security (Prohibition of Publications) (Consolidation) Order.[220],Singapore,,,Non-fiction,Non-fiction,Non-fiction
Soul on Ice,Eldridge Cleaver,1968,1968,1946-1970,1951_to_date,1968,1969,,,Non-fiction,"Banned in South Africa because of its criticism of white supremacy, and its sexual content.[228]",South Africa,,,Non-fiction,Non-fiction,Non-fiction
Concerning Marxism in Linguistics,Joseph Stalin,1950,1950,1946-1970,1801_to_1950,1950,1951,,,Non-fiction,Banned under the Internal Security (Prohibition of Publications) (Consolidation) Order.[220],Singapore,,,Non-fiction,Non-fiction,Non-fiction
Black Power: The Politics of Liberation,Stokely Carmichael and Charles V. Hamilton,1967,1967,1946-1970,1951_to_date,1967,1968,,,Non-fiction,Banned in South Africa because of its criticism of white supremacy.[228],South Africa,,,Non-fiction,Non-fiction,Non-fiction
Aspects of China's Anti-Japanese Struggle,Mao Zedong,1948,1948,1946-1970,1801_to_1950,1948,1949,,,Non-fiction,Banned under the Internal Security (Prohibition of Publications) (Consolidation) Order.[220],Singapore,,,Non-fiction,Non-fiction,Non-fiction
"Tombstone: The Great Chinese Famine, 1958-1962 [zh; fr] (2008)",Yang Jisheng,1958,1958,1946-1970,1951_to_date,1962,1959,,,History,"Published in Hong Kong, banned for discussing the Great Chinese Famine.[91][92]",China,,,History,Non-fiction,Non-fiction
Truth for Germany—The Question of Guilt for the Second World War,Udo Walendy,1968,1968,1946-1970,1951_to_date,1968,1969,,,Historical work,"In 1979 this book was listed by Germany's Federal Department for Media Harmful to Young Persons as material that could not be publicly advertised or given to young readers, due to the version it presented of the events that led to World War II. This restriction was lifted in 1994, after a long legal battle.",Germany,,,History,Non-fiction,Non-fiction
Pedagogy of the Oppressed,Paulo Freire,1968,1968,1946-1970,1951_to_date,1968,1969,,,Educative Theory,"Banned in Tucson, Arizona.[280]",United States,,,Non-fiction,Non-fiction,Non-fiction
"The Work, Wealth and Happiness of Mankind",H. G. Wells,1932,1932,1920-1945,1801_to_1950,1932,1933,,,Non-fiction,Banned in the Irish Free State.[153],Ireland,,,Non-fiction,Non-fiction,Non-fiction
The Tailor and Ansty,Eric Cross,1942,1942,1920-1945,1801_to_1950,1942,1943,,,Non-fiction,Banned by the Irish censors for discussing sexuality in rural Ireland.[156],Ireland,,,Non-fiction,Non-fiction,Non-fiction
The Spanish Labyrinth,Gerald Brenan,1943,1943,1920-1945,1801_to_1950,1943,1944,,,Non-fiction,Banned in Francoist Spain because of its strong criticism of the Nationalist Faction's actions during the Spanish Civil War.[246],Spain,,,Non-fiction,Non-fiction,Non-fiction
The Outline of History,H. G. Wells,1920,1920,1920-1945,1801_to_1950,1920,1921,,,Non-fiction,Wells' book was banned in Nazi Germany.[116],Germany,,,Non-fiction,Non-fiction,Non-fiction
The Laws of Life,Halliday Sutherland,1935,1935,1920-1945,1801_to_1950,1935,1936,,,Non-fiction,Banned in the Irish Free State for discussing sex education and Calendar-based contraceptive methods – even though The Laws of Life had been granted a Cum permissu superiorum endorsement by the Roman Catholic Diocese of Westminster.[155],Ireland,,,Non-fiction,Non-fiction,Non-fiction
Problems of Leninism,Joseph Stalin,1926,1926,1920-1945,1801_to_1950,1926,1927,,,Non-fiction,Banned under the Internal Security (Prohibition of Publications) (Consolidation) Order.[220],Singapore,,,Non-fiction,Non-fiction,Non-fiction
On Cooperation,Vladimir Lenin,1923,1923,1920-1945,1801_to_1950,1923,1924,,,Non-fiction,Banned under the Internal Security (Prohibition of Publications) (Consolidation) Order.[220],Singapore,,,Non-fiction,Non-fiction,Non-fiction
Marxism and the National and Colonial Question,Joseph Stalin,1937,1937,1920-1945,1801_to_1950,1937,1938,,,Non-fiction,Banned under the Internal Security (Prohibition of Publications) (Consolidation) Order.[220],Singapore,,,Non-fiction,Non-fiction,Non-fiction
Marriage and Morals,Bertrand Russell,1929,1929,1920-1945,1801_to_1950,1929,1930,,,Non-fiction,"Suppressed in the Irish Free State for discussing sex education, birth control and open marriages.[152]",Ireland,,,Non-fiction,Non-fiction,Non-fiction
Homage to Catalonia,George Orwell,1938,1938,1920-1945,1801_to_1950,1938,1939,,,Non-fiction,Banned in Francoist Spain for its support of the Republican faction during the Spanish Civil War.[242],Spain,,,Non-fiction,Non-fiction,Non-fiction
Commonsense and the Child,Ethel Mannin,1931,1931,1920-1945,1801_to_1950,1931,1932,,,Non-fiction,Banned in the Irish Free State for advocating sex education for adolescents.[152],Ireland,,,Non-fiction,Non-fiction,Non-fiction
Combat Liberalism,Mao Zedong,1937,1937,1920-1945,1801_to_1950,1937,1938,,,Non-fiction,Banned under the Internal Security (Prohibition of Publications) (Consolidation) Order.[220],Singapore,,,Non-fiction,Non-fiction,Non-fiction
A Short History of the World,H. G. Wells,1922,1922,1920-1945,1801_to_1950,1922,1923,,,Non-fiction,"An expanded, Spanish-language translation of A Short History of the World, discussing recent world events, was banned by Spanish censors in 1940. This edition of A Short History was not published in Spain until 1963. In two 1948 reports, Spanish censors gave a list of objections to the books's publication. These were that the book ""shows socialist inclinations, attacks the Catholic Church, gives a twisted interpretation of the Spanish Civil War and the Spanish National Movement, and contains 'tortuous concepts'.""[240]",Spain,,,Non-fiction,Non-fiction,Non-fiction
"""Left-Wing"" Communism: An Infantile Disorder",Vladimir Lenin,1920,1920,1920-1945,1801_to_1950,1920,1921,,,Non-fiction,Banned under the Internal Security (Prohibition of Publications) (Consolidation) Order.[220],Singapore,,,Non-fiction,Non-fiction,Non-fiction
Jugbani,Kazi Nazrul Islam,1922,1922,1920-1945,1801_to_1950,1922,1923,,,Collection of essays,Was banned by British authorities in 1922; ban withdrawn in 1947.,India,,,Essay(s),Non-fiction,Non-fiction
Durdiner Zatri,Kazi Nazrul Islam,1926,1926,1920-1945,1801_to_1950,1926,1927,,,Collection of essays,Was banned by British authorities in 1926.,India,,,Essay(s),Non-fiction,Non-fiction
About a Silence in Literature,Živorad Stojković,before 1951,_complex_dates,_complex_dates,_complex_dates,before 1951,_complex_end_date,1951,,Essay,Banned in Yugoslavia by court order in 1951.[288][citation needed],Yugoslavia,,,Essay(s),Non-fiction,Non-fiction
All Chinese literature,,1967,1967,1946-1970,1951_to_date,1967,1968,,,Literature and Culture,"Presidential Instruction No. 14/1967 (Inpress No. 14/1967) on Chinese Religion, Beliefs, and Traditions effectively banned any Chinese literature in Indonesia, including the prohibition of Chinese characters.",Indonesia,,,Literature and Culture,Literature and Culture,Other
Buying a Fishing Rod for My Grandfather (2004),Gao Xingjian,2004,2004,1996-2020,1951_to_date,2004,2005,,,Short story collections,All of Gao Xingjian's works have been banned for having content critical of the CCP.[81][59],China,,,Short story collection,Fiction,Fiction
Shanghai Baby (2001),Wei Hui,2001,2001,1996-2020,1951_to_date,2001,2002,,,Semi-autobiographical novel,"Banned. Burned in the street and the publisher was shut down for three months because of its sexual and drug-related content, which has been accused of being ""immoral"" by the government. Other writers have accused the book of plagiarism.[73][74]",China,,,Novel,Fiction,Fiction
"Uitgeverij Guggenheimer (""Guggenheimer Publishers"") (1999)",Herman Brusselmans,1999,1999,1996-2020,1951_to_date,1999,2000,,,Novel,Banned in Belgium because this satirical novel offended fashion designer Ann Demeulemeester by making derogatory remarks about her personal looks and profession. A court decided the book was an insult to the individual's private life and ordered it to be removed from the stores.[41][42][43],Belgium,,,Novel,Fiction,Fiction
The Mask of Sanity (2017),Jacob M. Appel,2017,2017,1996-2020,1951_to_date,2017,2018,,,Novel,Banned preemptively in Malaysia for blasphemy.[167],Malaysia,,,Novel,Fiction,Fiction
The Man Who Wouldn't Stand Up (2012),Jacob M. Appel,2012,2012,1996-2020,1951_to_date,2012,2013,,,Novel,Banned in Qatar in 2014 for its depiction of Islam.[198],Qatar,,,Novel,Fiction,Fiction
The Da Vinci Code,Dan Brown,2003,2003,1996-2020,1951_to_date,2003,2004,,,Novel,Banned in September 2004 in Lebanon after Catholic leaders deemed it offensive to Christianity. (See Inaccuracies in The Da Vinci Code.)[122][164],Lebanon,,,Novel,Fiction,Fiction
Serve the People! (2008),Yan Lianke,2008,2008,1996-2020,1951_to_date,2008,2009,,,Novel,"Banned for ""slandering Mao Zedong"", and depicting images of sex.[90]",China,,,Novel,Fiction,Fiction
Peichi (Tamil: ''பேய்ச்சி''),Ma. Naveen,2020,2020,1996-2020,1951_to_date,2020,2021,,,Novel,"Banned for containing pornographic and immoral content.[171]Notably, it was the first Tamil language publication to be banned in the country.",Malaysia,,,Novel,Fiction,Fiction
One Spoon on This Earth,Hyun Ki-young,1999,1999,1996-2020,1951_to_date,1999,2000,,,Novel,"Banned for distribution within the South Korean military for being ""pro-North Korea"".[233] It was one of 23 books banned there beginning in August 2008.[233][234]",South Korea,,,Novel,Fiction,Fiction
One Man's Bible (1999),Gao Xingjian,1999,1999,1996-2020,1951_to_date,1999,2000,,,Novel,All of Gao Xingjian's works have been banned for having content critical of the CCP.[70][59],China,,,Novel,Fiction,Fiction
"No Game No Life (Volumes 1, 2, 9)",Yuu Kamiya,2012,2012,1996-2020,1951_to_date,2016,2013,*Unknown*,*Unknown*,Novel,"Light novel volumes banned in Australia due to depiction which ""in a way that is likely to cause offence to a reasonable adult, a person who is, or appears to be, a child under 18"".[24]",Australia,,,Novel,Fiction,Fiction
Love Comes Later (2014),Mohanalakshmi Rajakumar,2014,2014,1996-2020,1951_to_date,2014,2015,,,Novel,Banned in Qatar.[199],Qatar,,,Novel,Fiction,Fiction
Into the River (2012),Ted Dawe,2012,2012,1996-2020,1951_to_date,2012,2013,,,Novel,Banned in New Zealand in 2015; subsequently unrestricted in the same year.[180],New Zealand,,,Novel,Fiction,Fiction
Interest,Kevin Gaughen,2015,2015,1996-2020,1951_to_date,2015,2016,,,Novel,Banned by the government of Indonesia for subversive and/or anti-government themes.,Indonesia,,,Novel,Fiction,Fiction
Goat Days,Benyamin & Joseph Koyippally,2008,2008,1996-2020,1951_to_date,2008,2009,,,Novel,Currently banned in Saudi Arabia.[216][217],Saudi Arabia,,,Novel,Fiction,Fiction
Goat Days,Benyamin & Joseph Koyippally,2008,2008,1996-2020,1951_to_date,2008,2009,,,Novel,,United Arab Emirates,,,Novel,Fiction,Fiction
Fifty Shades Trilogy,E L James,2011,2011,1996-2020,1951_to_date,2012,2012,,,Novel,"The entire trilogy was banned in Malaysia from 2015 for containing ""sadistic"" material and ""threat to morality"".[166]",Malaysia,,,Novel,Fiction,Fiction
Dream of Ding Village (2006),Yan Lianke,2006,2006,1996-2020,1951_to_date,2006,2007,,,Novel,"Banned for discussing AIDS in rural China (Plasma Economy),[88] the ban had reportedly been lifted.[89]",China,,,Novel,Fiction,Fiction
Candy (2003),Mian Mian,2003,2003,1996-2020,1951_to_date,2003,2004,,,Novel,"Chinese government censored it because it was, ""a poster child for spiritual pollution"".[76]",China,,,Novel,Fiction,Fiction
60 Years Later: Coming through the Rye,John David California,2009,2009,1996-2020,1951_to_date,2009,2010,,,Novel,"An unauthorized sequel to J. D. Salinger's The Catcher in the Rye. Salinger succeeded in obtaining a court injunction which indefinitely banned the publication, advertising or distribution of the book in the United States, though it has been published in other countries.[citation needed]",United States,,,Novel,Fiction,Fiction
Death Note (2003 – 2006),Tsugumi Ohba,2003,2003,1996-2020,1951_to_date,2006,2004,,,Japanese Manga,"Officially banned, but discussion and pirated copies are allowed to circulate.[77][78]",China,,,Japanese Manga,Fiction,Fiction
Scouting for the Reaper (2014),Jacob M. Appel,2014,2014,1996-2020,1951_to_date,2014,2015,,,Fiction,Banned in Eritrea in 2014 for its criticism of civil liberties under President Isaias Afewerki.[110][failed verification],Eritrea,,,Novel,Fiction,Fiction
The Boys,Garth Ennis,2012,2012,1996-2020,1951_to_date,2012,2013,,,Comic book series,Banned in Qatar in 2012.[197][further explanation needed],Qatar,,,Comic book series,Fiction,Fiction
Yellow Peril (1991),Wang Lixiong,1991,1991,1971-1995,1951_to_date,1991,1992,,,Novel,Banned. The book contains episodes of the collapse of Chinese communist rule.[63],China,,,Novel,Fiction,Fiction
"White Snow, Red Blood (1989)",Zhang Zhenglong,1989,1989,1971-1995,1951_to_date,1989,1990,,,Non-fiction novel,"Banned in 1990, and both the author and publishers were imprisoned for publishing it. The book includes information about atrocities committed by the Red Army during the siege of Changchun, the smuggling of opium by senior Party leader Wang Zhen during the Chinese Civil War, and claims that China's official description of the ""Lin Biao affair"" is inaccurate.[60][61]",China,,,Novel,Fiction,Fiction
The Satanic Verses (1988),Salman Rushdie,1988,1988,1971-1995,1951_to_date,1988,1989,,,Novel,Banned for blasphemy against Islam. Salman received a fatwa for his alleged blasphemy[28],Bangladesh,,,Novel,Fiction,Fiction
The Satanic Verses (1988),Salman Rushdie,1988,1988,1971-1995,1951_to_date,1988,1989,,,Novel,Banned for blasphemy against Islam.[28],Egypt,,,Novel,Fiction,Fiction
The Satanic Verses (1988),Salman Rushdie,1988,1988,1971-1995,1951_to_date,1988,1989,,,Novel,Banned for blasphemy against Islam.[148],Indonesia,,,Novel,Fiction,Fiction
The Satanic Verses (1988),Salman Rushdie,1988,1988,1971-1995,1951_to_date,1988,1989,,,Novel,Banned for blasphemy against Islam.[28],Iran,,,Novel,Fiction,Fiction
The Satanic Verses (1988),Salman Rushdie,1988,1988,1971-1995,1951_to_date,1988,1989,,,Novel,Banned for blasphemy against Islam.[28],Kenya,,,Novel,Fiction,Fiction
The Satanic Verses (1988),Salman Rushdie,1988,1988,1971-1995,1951_to_date,1988,1989,,,Novel,Banned for blasphemy against Islam.[28],Kuwait,,,Novel,Fiction,Fiction
The Satanic Verses (1988),Salman Rushdie,1988,1988,1971-1995,1951_to_date,1988,1989,,,Novel,Banned for blasphemy against Islam.[28],Liberia,,,Novel,Fiction,Fiction
The Satanic Verses (1988),Salman Rushdie,1988,1988,1971-1995,1951_to_date,1988,1989,,,Novel,Banned for blasphemy against Islam.[28],Malaysia,,,Novel,Fiction,Fiction
The Satanic Verses (1988),Salman Rushdie,1988,1988,1971-1995,1951_to_date,1988,1989,,,Novel,Banned for blasphemy against Islam.[28],Nepal,,,Novel,Fiction,Fiction
The Satanic Verses (1988),Salman Rushdie,1988,1988,1971-1995,1951_to_date,1988,1989,,,Novel,Banned for blasphemy against Islam.[28],Pakistan,,,Novel,Fiction,Fiction
The Satanic Verses (1988),Salman Rushdie,1988,1988,1971-1995,1951_to_date,1988,1989,,,Novel,Banned for blasphemy against Islam.[28],Papua New Guinea,,,Novel,Fiction,Fiction
The Satanic Verses (1988),Salman Rushdie,1988,1988,1971-1995,1951_to_date,1988,1989,,,Novel,Banned for blasphemy against Islam.[28],Salman Rushdie,,,Novel,Fiction,Fiction
The Satanic Verses (1988),Salman Rushdie,1988,1988,1971-1995,1951_to_date,1988,1989,,,Novel,Banned for blasphemy against Islam.[28],Senegal,,,Novel,Fiction,Fiction
The Satanic Verses (1988),Salman Rushdie,1988,1988,1971-1995,1951_to_date,1988,1989,,,Novel,Banned for blasphemy against Islam.[28],Sri Lanka,,,Novel,Fiction,Fiction
The Satanic Verses (1988),Salman Rushdie,1988,1988,1971-1995,1951_to_date,1988,1989,,,Novel,Banned for blasphemy against Islam.[28],Thailand,,,Novel,Fiction,Fiction
The Satanic Verses,Salman Rushdie,1988,1988,1971-1995,1951_to_date,1988,1989,,,Unspecified,This book cannot be imported into India.[33] Import ban was imposed after Muslim groups protested that it was blasphemous and hurt their religious sentiments.[22] India was the first country to ban this book.[23],India,nationwide,,Novel,Fiction,Fiction
The Rape of Sita (1993),Lindsay Collen,1993,1993,1971-1995,1951_to_date,1993,1994,,,Novel,Banned for blasphemy against Hindu goddess.,Mauritius,,,Novel,Fiction,Fiction
The House of the Spirits,Isabel Allende,1982,1982,1971-1995,1951_to_date,1982,1983,,,Novel,Banned in Pinochet's Chile.[52],Chile,,,Novel,Fiction,Fiction
The Gods Laugh on Mondays (1995),Reza Khoshnazar,1995,1995,1971-1995,1951_to_date,1995,1996,,,Novel,Was banned in Iran after men torched its publication house.[149],Iran,,,Novel,Fiction,Fiction
Soul Mountain (1989),Gao Xingjian,1989,1989,1971-1995,1951_to_date,1989,1990,,,Novel,"Gao Xingjian won the 2000 Nobel Prize in Literature for the book, however all of his works have been banned for having content critical of the CCP.[58][59]",China,,,Novel,Fiction,Fiction
Sophie's Choice (1979),William Styron,1979,1979,1971-1995,1951_to_date,1979,1980,,,Novel,Banned in Lebanon for its positive depiction of Jews.[122],Lebanon,,,Novel,Fiction,Fiction
Schindler's Ark (1982),Thomas Keneally,1982,1982,1971-1995,1951_to_date,1982,1983,,,Novel,Banned in Lebanon for its positive depiction of Jews.[122],Lebanon,,,Novel,Fiction,Fiction
Paradise of the Blind,Dương Thu Hương,1988,1988,1971-1995,1951_to_date,1988,1989,,,"Novel, Literary fiction",Censored in Vietnam for criticism on the political party in control.[citation needed],Vietnam,,,Novel,Fiction,Fiction
One Day of Life (1980),Manlio Argueta,1980,1980,1971-1995,1951_to_date,1980,1981,,,Novel,Banned by El Salvador for its portrayal of human rights violations.[109],El Salvador,,,Novel,Fiction,Fiction
Lord Horror,David Britton,1990,1990,1971-1995,1951_to_date,1990,1991,1991,1992,Novel,Banned in England in 1991 where it was found obscene; it is currently the last book to be banned in the UK. The judge ordered the remaining print run to be destroyed. The ban was lifted in the Appeal Court in July 1992 but the book remains out of print.[265],United Kingdom,,,Novel,Fiction,Fiction
Lajja (1993),Taslima Nasrin,1993,1993,1971-1995,1951_to_date,1993,1994,,,Novel,"Banned in Bangladesh,[31][32] and a few states of India. Other books by her were also banned in Bangladesh or in the Indian state of West Bengal. Amar Meyebela (My Girlhood, 2002), the first volume of her memoir, was banned by the Bangladeshi government in 1999 for ""reckless comments"" against Islam and the prophet Mohammad.[33] Utal Hawa (Wild Wind), the second part of her memoir, was banned by the Bangladesh government in 2002.[34] Ka (Speak up), the third part of her memoir, was banned by the Bangladeshi High Court in 2003. Under pressure from Indian Muslim activists, the book, which was published in West Bengal as Dwikhandita, was banned there also; some 3,000 copies were seized immediately.[35] The decision to ban the book was criticised by ""a host of authors"" in West Bengal,[36] but the ban was not lifted until 2005.[37][38] Sei Sob Ondhokar (Those Dark Days), the fourth part of her memoir, was banned by the Bangladesh government in 2004.[39][40]",Bangladesh,,,Novel,Fiction,Fiction
July's People (1981),Nadine Gordimer,1981,1981,1971-1995,1951_to_date,1981,1982,,,Novel,Banned during the Apartheid-era in South Africa.[231] July's People is now included in the South African school curriculum.[232],South Africa,,,Novel,Fiction,Fiction
Burger's Daughter,Nadine Gordimer,1979,1979,1971-1995,1951_to_date,1979,1980,,,Novel,Banned in South Africa in July 1979 for going against the government's racial policies; the ban was reversed in October of the same year.[147],South Africa,,,Novel,Fiction,Fiction
American Psycho,Bret Easton Ellis,1991,1991,1971-1995,1951_to_date,1991,1992,1991,1992 (ages 18+) *Unknown* (younger than 18),Novel,Sale and purchase was banned in the Australian State of Queensland. Now available in public libraries and for sale to people 18 years and older. Sale restricted to persons at least 18 years old in the other Australian states.[19],Australia,,,Novel,Fiction,Fiction
A Feast for the Seaweeds (Walimah li A'ashab al-Bahr),Haidar Haidar,1983,1983,1971-1995,1951_to_date,1983,1984,,,Novel,"Banned in Egypt and several other Arab states, and even resulted in a belated angry reaction from the clerics of Al-Azhar University upon reprinting in Egypt in the year 2000. The clerics issued a fatwa banning the novel, and accused Haidar of heresy and offending Islam. Al-Azhar University students staged huge protests against the novel, that eventually led to its confiscation.[106][107][108]",Egypt,,,Novel,Fiction,Fiction
Happy New Year (1975),Rubem Fonseca,1975,1975,1971-1995,1951_to_date,1975,1976,,,Fiction,Banned in Brazil by the censorship during the military regime.[44],Brazil,,,Novel,Fiction,Fiction
Last Exit to Brooklyn,Hubert Selby Jr.,1966 (in the UK),_complex_dates,1946-1970,_complex_dates,1966 (in the UK),_complex_end_date,1967,1968,Anthology of short stories,"Banned in Soho for frank depictions of taboo subjects, such as drug use, street violence, homosexuality, gender identity and domestic violence.[262]",United Kingdom,,,Short story collection,Fiction,Fiction
"""The Lottery"" (1948)",Shirley Jackson,1948,1948,1946-1970,1801_to_1950,1948,1949,,,Short story,Banned in South Africa during Apartheid.[226],South Africa,,,Short story collection,Fiction,Fiction
Without a Stitch,Jens Bjørneboe,1966,1966,1946-1970,1951_to_date,1966,1967,,,Novel,Sexually explicit. Ban never formally lifted.[186],Norway,,,Novel,Fiction,Fiction
The World Is Full of Married Men (1968),Jackie Collins,1968,1968,1946-1970,1951_to_date,1968,1969,1968,*Unknown*,Novel,Banned in Australia in 1968.[10],Australia,,,Novel,Fiction,Fiction
The Stud (1969),Jackie Collins,1969,1969,1946-1970,1951_to_date,1969,1970,1969,*Unknown*,Novel,Banned in Australia in 1969.[10][further explanation needed],Australia,,,Novel,Fiction,Fiction
The Song of the Red Ruby,Agnar Mykle,1956,1956,1946-1970,1951_to_date,1956,1957,,,Novel,Sexually explicit. Ban lifted 1958.[185],Norway,,,Novel,Fiction,Fiction
The Naked and the Dead (1948),Norman Mailer,1948,1948,1946-1970,1801_to_1950,1948,1949,,,Novel,"Banned in Canada in 1949 for ""obscenity"".[46]",Canada,,,Novel,Fiction,Fiction
The Lonely Girl (1962),Edna O'Brien,1962,1962,1946-1970,1951_to_date,1962,1963,,,Novel,"Banned in Ireland in 1962 after Archbishop John Charles McQuaid complained personally to Justice Minister Charles Haughey that it ""was particularly bad"".[158]",Ireland,,,Novel,Fiction,Fiction
The Fugitive (Perburuan) (1950),Pramoedya Ananta Toer,1950,1950,1946-1970,1801_to_1950,1950,1951,,,Novel,"Banned in Indonesia in 1950, for containing ""subversive"" material, including an attempt to promote Marxist–Leninist thought and other Communist theories. As of 2006, the ban is still in effect.[147]",Indonesia,,,Novel,Fiction,Fiction
The First Circle (1968),Aleksandr Solzhenitsyn,1968,1968,1946-1970,1951_to_date,1968,1969,,,Novel,"After Nikita Khrushchev was removed from power in 1964, all extant and forthcoming works by Aleksandr Solzhenitsyn were banned in the Soviet Union. This work details the lives of scientists forced to work in a Stalinist research center.[213]",Russia,,,Novel,Fiction,Fiction
The Dark,John McGahern,1965,1965,1946-1970,1951_to_date,1965,1966,,,Novel,Banned in Ireland for obscenity.[159],Ireland,,,Novel,Fiction,Fiction
The Country Girls,Edna O'Brien,1960,1960,1946-1970,1951_to_date,1960,1961,,,Novel,Banned by Ireland's censorship board in 1960 for its explicit sexual content.[157][158],Ireland,,,Novel,Fiction,Fiction
Peyton Place (1956),Grace Metalious,1956,1956,1946-1970,1951_to_date,1956,1957,,,Novel,Banned in Canada from 1956 to 1958.[47],Canada,,,Novel,Fiction,Fiction
Përbindëshi (The Monster) (1965),Ismail Kadare,1965,1965,1946-1970,1951_to_date,1990,1966,,,Novel,Banned for 25 years in Albania.[3],Albania,,,Novel,Fiction,Fiction
One Day in the Life of Ivan Denisovich (1962),Alexander Solzhenitsyn,1962,1962,1946-1970,1951_to_date,1962,1963,,,Novel,Banned from publication in the Soviet Union in 1964.[147],Russia,,,Novel,Fiction,Fiction
Nineteen Eighty-Four (1949),George Orwell,1949,1949,1946-1970,1801_to_1950,1949,1950,,,Novel,"Banned by the Soviet Union[122] in 1950, as Stalin understood that it was a satire based on his leadership. It was not until 1990 that the Soviet Union legalised the book and it was re-released after editing.[212]",Russia,,,Novel,Fiction,Fiction
Naked Lunch (1959),William S. Burroughs,1959,1959,1946-1970,1951_to_date,1959,1960,,,Novel,"Banned by Boston courts in 1962 for obscenity, but that decision was reversed in 1966 by the Massachusetts Supreme Judicial Court.[279]",United States,,,Novel,Fiction,Fiction
Memoirs of Hecate County (1946),Edmund Wilson,1946,1946,1946-1970,1801_to_1950,1946,1947,,,Novel,Banned in the state of New York by the Supreme Court.[277],United States,,,Novel,Fiction,Fiction
Lolita (1955),Vladimir Nabokov,1955,1955,1946-1970,1951_to_date,1955,1956,,,Novel,"Banned for being ""obscene"".[4]",Argentina,,,Novel,Fiction,Fiction
Lolita (1955),Vladimir Nabokov,1955,1955,1946-1970,1951_to_date,1955,1956,,,Novel,"Banned in Canada in 1958, though the ban was later lifted.[47]",Canada,,,Novel,Fiction,Fiction
Lolita (1955),Vladimir Nabokov,1955,1955,1946-1970,1951_to_date,1955,1956,,,Novel,"French officials banned it for being ""obscene"".[4]",France,,,Novel,Fiction,Fiction
Lolita (1955),Vladimir Nabokov,1955,1955,1946-1970,1951_to_date,1955,1956,,,Novel,"Banned for being ""obscene""; uncensored in 1964.[4]",New Zealand,,,Novel,Fiction,Fiction
Lolita (1955),Vladimir Nabokov,1955,1955,1946-1970,1951_to_date,1955,1956,,,Novel,"Banned for being ""obscene"".[4]",South Africa,,,Novel,Fiction,Fiction
Lolita,Vladimir Nabokov,1955,1955,1946-1970,1951_to_date,1955,1956,1955,1959[261],Novel,"Banned for being ""obscene"".[4]",United Kingdom,,,Novel,Fiction,Fiction
El Señor Presidente,Miguel Ángel Asturias,1946,1946,1946-1970,1801_to_1950,1946,1947,,,Novel,Banned in Guatemala because it went against the ruling political leaders.[128],Guatemala,,,Novel,Fiction,Fiction
Doctor Zhivago,Boris Pasternak,1955,1955,1946-1970,1951_to_date,1988,1956,,,Novel,"Banned in the Soviet Union until 1988 for criticizing life in Russia after the Russian Revolution. When its author, Boris Pasternak, won the Nobel Prize for Literature in 1958 he was forced to reject it under government pressure.[122]",Russia,,,Novel,Fiction,Fiction
Another Country,James Baldwin,1962,1962,1946-1970,1951_to_date,1962,1963,1963,1966,Novel,"Banned in Australia by the Commonwealth Customs Department in February 1963. The Literature Censorship Board described it as ""continually smeared with indecent, offensive and dirty epithets and allusions,"" but recommended that the book remain available to ""the serious minded student or reader."" The ban was lifted in May 1966.[16]",Australia,,,Novel,Fiction,Fiction
A World of Strangers,Nadine Gordimer,1958,1958,1946-1970,1951_to_date,1958,1959,,,Novel,Banned in South Africa because of its criticism of Apartheid.[227],South Africa,,,Novel,Fiction,Fiction
The Hive,Camilo José Cela,1950,1950,1946-1970,1801_to_1950,1950,1951,,,Fiction,Banned by censors of Francoist Spain.[248],Spain,,,Novel,Fiction,Fiction
Hindu Heaven,Max Wylie,1934,1934,1920-1945,1801_to_1950,1934,1935,,,Unspecified,"It cannot be brought into India.[6] Max Wylie, the creator The Flying Nun TV show, researched this book while teaching in Lahore.[7] The novel questioned the work of American missionaries in India.[8][9] It also dealt with the harsh effects of the climate on the missionaries.[10]",India,nationwide,,Novel,Fiction,Fiction
Berlin Garden of Erotic Delights,"Erwin von Busse under the pseudonym ""Granand""",1920,1920,1920-1945,1801_to_1950,1920,1921,,,Short story collection,"Banned for ""indecency"" by courts in Berlin and Leipzig[119]",Germany,,,Short story collection,Fiction,Fiction
You Can't Be Too Careful,H. G. Wells,1941,1941,1920-1945,1801_to_1950,1941,1942,,,Novel,"Banned in Francoist Spain for criticizing Christianity, and for mentioning the Bombing of Guernica by the Axis air forces.[245]",Spain,,,Novel,Fiction,Fiction
Ulysses (1922),James Joyce,1922,1922,1920-1945,1801_to_1950,1922,1923,,1936,Novel,Banned in the UK until 1936.[257][258],United Kingdom,,,Novel,Fiction,Fiction
Ulysses,James Joyce,1922,1922,1920-1945,1801_to_1950,1922,1923,,,Novel,The complete 1945 Spanish-language translation of Ulysses was suppressed by the Spanish authorities until 1962.[241],Spain,,,Novel,Fiction,Fiction
Tropic of Cancer (1934),Henry Miller,1934,1934,1920-1945,1801_to_1950,1934,1935,,,Novel (fictionalized memoir),"Banned in the US in the 1930s until the early 1960s, seized by US Customs for sexually explicit content and vulgarity. The rest of Miller's work was also banned by the US.[274] Also banned in South Africa until the late 1980s.[275]",United States,,,Novel,Fiction,Fiction
"Time, Forward!",Valentin Katayev,1932,1932,1920-1945,1801_to_1950,1932,1933,,,Novel,Banned under the Internal Security (Prohibition of Publications) (Consolidation) Order.[220],Singapore,,,Novel,Fiction,Fiction
The World of William Clissold,H. G. Wells,1926,1926,1920-1945,1801_to_1950,1926,1927,,,Novel,"Banned in Nazi Germany in 1936. A further note to the banning order added that ""all other works by the author"" were to be suppressed.[121]",Germany,,,Novel,Fiction,Fiction
The Well of Loneliness (1928),Radclyffe Hall,1928,1928,1920-1945,1801_to_1950,1928,1929,1928,1949,Novel,Banned in the UK in 1928 for its lesbian theme; republished in 1949.[259],United Kingdom,,,Novel,Fiction,Fiction
The Martyr,Liam O'Flaherty,1933,1933,1920-1945,1801_to_1950,1933,1934,,,Novel,Banned in the Irish Free State.[153],Ireland,,,Novel,Fiction,Fiction
The House of Gold,Liam O'Flaherty,1929,1929,1920-1945,1801_to_1950,1929,1930,,,Novel,"The first book to be banned by the Irish Free State for alleged ""indecency"". Republished in 2013.[154]",Ireland,,,Novel,Fiction,Fiction
The Grapes of Wrath (1939),John Steinbeck,1939,1939,1920-1945,1801_to_1950,1939,1940,,,Novel,"Was temporarily banned in many places in the US. In the state of California in which it was partially set, it was banned for its alleged unflattering portrayal of residents of the area.[276]",United States,,,Novel,Fiction,Fiction
The Bulpington of Blup,H. G. Wells,1932,1932,1920-1945,1801_to_1950,1932,1933,,,Novel,Banned in the Irish Free State.[153],Ireland,,,Novel,Fiction,Fiction
Rowena Goes Too Far (1931),H. C. Asterley,1931,1931,1920-1945,1801_to_1950,1931,1932,*Unknown*,*Unknown*,Novel,"Banned in Australia because of customs belief that it ""lacked sufficient claim to the literary to excuse the obscenity""[12]",Australia,,,Novel,Fiction,Fiction
Men of Good Will,Jules Romains,1932,1932,1920-1945,1801_to_1950,1946,1933,,,Novel Sequence,The English translations of Romains' novel sequence were banned in the Irish Free State.[152],Ireland,,,Novel,Fiction,Fiction
Lady Chatterley's Lover (1928),D. H. Lawrence,1928,1928,1920-1945,1801_to_1950,1928,1929,1929,1965,Novel,Banned from 1929 to 1965.[10][11],Australia,,,Novel,Fiction,Fiction
Lady Chatterley's Lover (1928),D. H. Lawrence,1928,1928,1920-1945,1801_to_1950,1928,1929,,1960,Novel,Temporarily banned in the United Kingdom for violation of obscenity laws; the ban was lifted in 1960.[clarification needed][8],United Kingdom,,,Novel,Fiction,Fiction
Lady Chatterley's Lover (1928),D. H. Lawrence,1928,1928,1920-1945,1801_to_1950,1928,1929,,,Novel,Temporarily banned in the United States for violation of obscenity laws; the ban was lifted in 1959.[clarification needed][8],United States,,,Novel,Fiction,Fiction
How the Steel Was Tempered,Nikolai Ostrovsky,1936,1936,1920-1945,1801_to_1950,1936,1937,,,Novel,Banned under the Internal Security (Prohibition of Publications) (Consolidation) Order.[220],Singapore,,,Novel,Fiction,Fiction
Honourable Estate,Vera Brittain,1936,1936,1920-1945,1801_to_1950,1936,1937,,,Novel,Banned in the Irish Free State.[152],Ireland,,,Novel,Fiction,Fiction
História do Mundo para as Crianças (pt),Monteiro Lobato,1933,1933,1920-1945,1801_to_1950,1933,1934,,,Novel,"The books was banned by the Portuguese government without any clear reason. According to the author, one possible reason was because he was from the ""current of thought what claims that the discovery of Brazil happened 'by random'"" or by the fact he ""have registered the history of the 1600 years cut to the Arabian navy by Vasco da Gama"".[195]",Portugal,,,Novel,Fiction,Fiction
Forever Amber (1944),Kathleen Winsor,1944,1944,1920-1945,1801_to_1950,1944,1945,1945,*Unknown*,Novel,"Banned by Australia in 1945 as ""a collection of bawdiness, amounting to sex obsession.""[13][14]",Australia,,,Novel,Fiction,Fiction
Forever Amber (1944),Kathleen Winsor,1944,1944,1920-1945,1801_to_1950,1944,1945,,,Novel,Banned in fourteen states in the US. Ban was lifted by an appeals court judge.[13][14],United States,,,Novel,Fiction,Fiction
For Whom The Bell Tolls,Ernest Hemingway,1940,1940,1920-1945,1801_to_1950,1940,1941,,,Novel,Suppressed by the Spanish authorities until 1968.[243],Spain,,,Novel,Fiction,Fiction
Elmer Gantry,Sinclair Lewis,1927,1927,1920-1945,1801_to_1950,1927,1928,,,Novel,Elmer Gantry was banned in the Irish Free State.[153],Ireland,,,Novel,Fiction,Fiction
Elmer Gantry,Sinclair Lewis,1927,1927,1920-1945,1801_to_1950,1927,1928,,,Novel,"Banned in Boston, Massachusetts, Kansas City, Missouri, Camden, New Jersey, and other US cities, this novel by Sinclair focused on religiosity and hypocrisy in the United States during the 1920s by depicting a preacher (the Reverend Dr. Elmer Gantry) as a protagonist who preferred easy money, alcohol, and ""enticing young girls"" to saving souls, while converting a traveling tent revival crusade into a profitable and permanent evangelical church and radio empire for his employers. Elmer Gantry also widely denounced from pulpits across the United States at the time of its initial publication. U.S. obscenity laws were overturned in 1959 by the Supreme Court in Kingsley Pictures Corp. v. Regents.[268][269][272][273]",United States,,,Novel,Fiction,Fiction
Dutch Interior,Frank O'Connor,1940,1940,1920-1945,1801_to_1950,1940,1941,,,Novel,Banned in Ireland.[155],Ireland,,,Novel,Fiction,Fiction
Brave New World,Aldous Huxley,1932,1932,1920-1945,1801_to_1950,1932,1933,1932,1937,Novel,Banned in Australia from 1932 to 1937.[10],Australia,,,Novel,Fiction,Fiction
Brave New World,Aldous Huxley,1932,1932,1920-1945,1801_to_1950,1932,1933,,,Novel,"Banned in Ireland in 1932, allegedly because of references of sexual promiscuity.[151]",Ireland,,,Novel,Fiction,Fiction
Boy,James Hanley,1931,1931,1920-1945,1801_to_1950,1931,1932,1934,1992,Novel,Banned in 1934 after Hanley's publisher Boriswood lost a court case against a charge of obscenity.[260] Reprinted in 1992 by Penguin Books and André Deutsch.,United Kingdom,,,Novel,Fiction,Fiction
And Quiet Flows the Don,Mikhail Sholokhov,1928,_complex_dates,1920-1945,_complex_dates,1928–1940,_complex_end_date,,,Novel Sequence,"The English translations of Sholokhov's work were banned for ""indecency"".[152]",Ireland,,,Novel,Fiction,Fiction
All Quiet on the Western Front,Erich Maria Remarque,1928,1928,1920-1945,1801_to_1950,1928,1929,,,Fiction,Banned in Fascist Italy because of its antimilitarism (currently not banned).[161],Italy,,,Novel,Fiction,Fiction
A Farewell to Arms,Ernest Hemingway,1929,1929,1920-1945,1801_to_1950,1929,1930,,,Novel,Suppressed in the Irish Free State.[152],Ireland,,,Novel,Fiction,Fiction
All Quiet on the Western Front,Erich Maria Remarque,1929,1929,1920-1945,1801_to_1950,1929,1930,,,Anti-war novel,Banned in Nazi Germany for being demoralizing and insulting to the Wehrmacht.[122][123],Germany,,,Novel,Fiction,Fiction
A Farewell to Arms,Ernest Hemingway,1929,1929,1920-1945,1801_to_1950,1929,1930,,,Fiction,Banned in Fascist Italy for depicting the Italian Army's defeat at the Battle of Caporetto (currently this book is not banned).[162],Italy,,,Novel,Fiction,Fiction
Storytellers II,Boško Novaković,by 2005,_complex_dates,_complex_dates,_complex_dates,by 2005,_complex_end_date,,,Short stories,Withdrawn from print in Yugoslavia in 1964 because it contained stories by Dragiša Vasić.[289],Yugoslavia,,,Short story collection,Fiction,Fiction
Grover's Eight Nights of Light,Jodie Shepherd,2017,2017,1996-2020,1951_to_date,2017,2018,,,Sesame Street book,Banned in 2017 for promoting Hanukkah.,Lebanon,,,Children's book,Children's book,Other
The First Book of Africa,Langston Hughes,1964,1964,1946-1970,1951_to_date,1964,1965,,,Non-fiction; Children's book,Banned in South Africa for its celebration of Black African culture.[228],South Africa,,,Children's book,Children's book,Other
The Story of Ferdinand,Munro Leaf,1936,1936,1920-1945,1801_to_1950,1936,1937,,,Children's fiction,Banned in Nazi Germany.[125],Germany,,,Children's book,Children's book,Other
The Story of Ferdinand,Munro Leaf,1936,1936,1920-1945,1801_to_1950,1936,1937,,,Children's fiction,Banned in Francoist Spain.[125],Spain,,,Children's book,Children's book,Other
Prisoner of the State (2009),Zhao Ziyang,2009,2009,1996-2020,1951_to_date,2009,2010,,,Memoir,Banned. The book is memoirs by former Chinese General Secretary Zhao Ziyang.[94][95],China,,,Autobiography/ Biography/ Memoir,Autobiography/ Biography/ Memoir,Other
Operation Dark Heart (2010) – oop,Army Reserve Lt. Col. Anthony Shaffer,2010,2010,1996-2020,1951_to_date,2010,2011,,,Memoir,"In September 2010 the U.S. Department of Defense (DoD) overrode the Army's January approval for publication. The DoD then purchased and destroyed all 9,500 first edition copies, citing concerns that it contained classified information which could damage national security. The publisher, St. Martin's Press,[283] in conjunction with the DoD created a second, redacted edition; which contains blacked out words, lines, paragraphs, and portions of the index.[284]",United States,,,Autobiography/ Biography/ Memoir,Autobiography/ Biography/ Memoir,Other
Zhou Enlai: The Last Perfect Revolutionary (2003 or 2008),Gao Wenqian,2003,2003,1996-2020,1951_to_date,2008,2004,,,Biography,Banned in China.[79][80],China,,,Autobiography/ Biography/ Memoir,Autobiography/ Biography/ Memoir,Other
The King Never Smiles (2006),Paul M. Handley,2006,2006,1996-2020,1951_to_date,2006,2007,,,Biography,Banned in Thailand for its criticism of King Bhumibol Adulyadej.[253],Thailand,,,Autobiography/ Biography/ Memoir,Autobiography/ Biography/ Memoir,Other
My Father's Daughter (2005),Hannah Pool,2005,2005,1996-2020,1951_to_date,2005,2006,,,Biography,Banned in Eritrea in 2014 for political content.[110][failed verification],Eritrea,,,Autobiography/ Biography/ Memoir,Autobiography/ Biography/ Memoir,Other
My Watch (2005),Olusegun Obasanjo,2014,2014,1996-2020,1951_to_date,2014,2015,,,Autobiography,Banned in Nigeria because this three-volume memoirs of the former Nigerian president were highly critical of nearly everyone in Nigerian politics. The books were ordered to be seized by the High Court in Nigeria until a libel case had been heard in court.[181],Nigeria,,,Autobiography/ Biography/ Memoir,Autobiography/ Biography/ Memoir,Other
The Private Life of Chairman Mao (1994),Li Zhisui,1994,1994,1971-1995,1951_to_date,1994,1995,,,Memoir,Banned for exploring Mao's private life.[68][69],China,,,Autobiography/ Biography/ Memoir,Autobiography/ Biography/ Memoir,Other
The Death of Lorca,Ian Gibson,1971,1971,1971-1995,1951_to_date,1971,1972,,,Biography,Banned briefly in Spain.[250],Spain,,,Autobiography/ Biography/ Memoir,Autobiography/ Biography/ Memoir,Other
Notre ami le roi (1993),Gilles Perrault,1993,1993,1971-1995,1951_to_date,1993,1994,,,Biography of Hassan II of Morocco,"Banned in Morocco. This book is a biography of King Hassan and examines cases of torture, killing, and political imprisonment said to have been carried out by the Moroccan Government at his orders.[172]",Morocco,,,Autobiography/ Biography/ Memoir,Autobiography/ Biography/ Memoir,Other
Jinnah of Pakistan (1982),Stanley Wolpert,1982,1982,1971-1995,1951_to_date,1982,1983,,,Biography,Banned in 1984 by the military dictator Zia-ul-Haq's government because of some 'offending passages'. Ban lifted in 1989 by the next democratic government.[188],Pakistan,,,Autobiography/ Biography/ Memoir,Autobiography/ Biography/ Memoir,Other
Spycatcher,Peter Wright,1985,1985,1971-1995,1951_to_date,1985,1986,1985,1988,Autobiography,Banned in the UK 1985–1988 for revealing secrets. Wright was a former MI5 intelligence officer and his book was banned before it was even published in 1987.[263][264],United Kingdom,,,Autobiography/ Biography/ Memoir,Autobiography/ Biography/ Memoir,Other
Life and Death in Shanghai (1986),Nien Cheng,1986,1986,1971-1995,1951_to_date,1986,1987,,,Autobiography,It is about the author's personal tortured experience during the Cultural Revolution.[57],China,,,Autobiography/ Biography/ Memoir,Autobiography/ Biography/ Memoir,Other
The Untold Story of Imelda Marcos,Carmen Navarro Pedrosa,1969,1969,1946-1970,1951_to_date,1969,1970,,,Biography,"Banned in 1972, shortly after the start of the Martial Law period under President Ferdinand Marcos. The ""unauthorized"" biography was banned for the depiction of First Lady Imelda Marcos' extravagance.[192]",Phillipines,,,Autobiography/ Biography/ Memoir,Autobiography/ Biography/ Memoir,Other
Ecstasy and Me,Hedy Lamarr,1966,1966,1946-1970,1951_to_date,1966,1967,1967,1973,Autobiography,Banned in Australia from 1967 until 1973.[10],Australia,,,Autobiography/ Biography/ Memoir,Autobiography/ Biography/ Memoir,Other
Borstal Boy,Brendan Behan,1958,1958,1946-1970,1951_to_date,1958,1959,1958,*Unknown*,Autobiographical novel,Banned shortly after its ban in Ireland in 1958.[15],Australia,,,Autobiography/ Biography/ Memoir,Autobiography/ Biography/ Memoir,Other
Borstal Boy,Brendan Behan,1958,1958,1946-1970,1951_to_date,1958,1959,,,Autobiographical novel,"Banned in Ireland in 1958. The Irish Censorship of Publications Board was not obliged to reveal its reason but it is believed that it was rejected for its critique of Irish republicanism and the Catholic Church, and its depiction of adolescent sexuality.[15]",Ireland,,,Autobiography/ Biography/ Memoir,Autobiography/ Biography/ Memoir,Other
Borstal Boy,Brendan Behan,1958,1958,1946-1970,1951_to_date,1958,1959,,,Autobiographical novel,Banned shortly after its ban in Ireland in 1958. It was allowed to be published in New Zealand in 1963.[15],New Zealand,,,Autobiography/ Biography/ Memoir,Autobiography/ Biography/ Memoir,Other
Old Soldier Sahib,Frank Richards,1936,1936,1920-1945,1801_to_1950,1936,1937,,,Unspecified,The book cannot be imported into India.[6] The book is a memoir of the author's time in British India as a veteran soldier.[9],India,nationwide,,Autobiography/ Biography/ Memoir,Autobiography/ Biography/ Memoir,Other
Friedrich Engels: A Biography,Gustav Mayer,1920,1920,1920-1945,1801_to_1950,1920,1921,,,Biography,Banned under the Internal Security (Prohibition of Publications) (Consolidation) Order.[220],Singapore,,,Autobiography/ Biography/ Memoir,Autobiography/ Biography/ Memoir,Other
I Knock at the Door,Seán O'Casey,1939,1939,1920-1945,1801_to_1950,1939,1940,,,Autobiography,Banned in Ireland.[155],Ireland,,,Autobiography/ Biography/ Memoir,Autobiography/ Biography/ Memoir,Other
By Grand Central Station I Sat Down and Wept,Elizabeth Smart,1945,1945,1920-1945,1801_to_1950,1945,1946,,,Autobiographical prose poetry,Banned in Canada from 1945 to 1975 under the influence of Smart's family's political power due to its sexual documentation of Smart's affair with a married man.,Canada,,,Autobiography/ Biography/ Memoir,Autobiography/ Biography/ Memoir,Other